generator name,u,P,IC
cheap,1,4.49999999999931,5.0899999999999865
mid grade,1,50.0,8.0
expensive,1,45.5000000000003,10.910000000000005
