name,u,P,IC
cheap,True,66.6666673333,45.0000004
expensive,True,33.3333326667,43.3333323334
